{
	"class_name" : "PinholeCameraParameters",
	"extrinsic" : 
	[
		-0.70008323124246785,
		0.43529333252785724,
		-0.56604168043519354,
		0.0,
		0.65275836235466156,
		0.068786981994377605,
		-0.75443679091370242,
		0.0,
		-0.28946500601828484,
		-0.89765698669642047,
		-0.33229797550682855,
		0.0,
		15.270850770802026,
		-14.460731461379149,
		33.821382437052037,
		1.0
	],
	"intrinsic" : 
	{
		"height" : 925,
		"intrinsic_matrix" : 
		[
			801.07349850060575,
			0.0,
			0.0,
			0.0,
			801.07349850060575,
			0.0,
			826.5,
			462.0,
			1.0
		],
		"width" : 1654
	},
	"version_major" : 1,
	"version_minor" : 0
}